cap1_mean,cap1_std,cap1_freq,cap1_skew,cap1_power,cap2_mean,cap2_std,cap2_freq,cap2_skew,cap2_power,cap3_mean,cap3_std,cap3_freq,cap3_skew,cap3_power,accX_mean,accX_std,accX_freq,accX_skew,accX_power,accY_mean,accY_std,accY_freq,accY_skew,accY_power,accZ_mean,accZ_std,accZ_freq,accZ_skew,accZ_power,gyroX_mean,gyroX_std,gyroX_freq,gyroX_skew,gyroX_power,gyroY_mean,gyroY_std,gyroY_freq,gyroY_skew,gyroY_power,gyroZ_mean,gyroZ_std,gyroZ_freq,gyroZ_skew,gyroZ_power,label
0.6291960712689544,0.014137343980484197,-0.13541073872992926,-1.021499739884905,61.489618668135186,0.628620345770983,0.009706091893323204,-0.07680235548203496,-1.385510013701921,60.720738559689714,0.6289423566476254,0.012728787577619157,-0.10120131997509374,-1.1598654475637389,61.231862546885594,0.3959162302843667,0.012174372722851086,0.20359421188123117,0.7337108364835178,25.326430746092367,0.6055541783448853,0.001446971400304519,0.07043974640180733,-0.05563031762401792,55.21997817528775,0.414431613619451,0.0031199338051325367,0.03337963319406906,0.5645055646800404,26.22790449204804,0.49966986412010084,0.006285957845879801,-0.08655232895917042,0.543824558071209,38.387103685506105,0.4247005774204082,0.007819559795104663,0.17823954596595717,-0.350471907359502,28.220701478654806,0.4853200302219403,0.00656746778879411,0.060990233339079714,0.1173200376732291,36.308882460724085,5
0.6287075669100669,0.009318581841859769,0.010191201856005028,-0.3831985394225415,60.67944939793357,0.6284260628900107,0.0026577626024778733,0.011041300948171351,0.31505462127165274,59.63390410568516,0.6280410043942017,0.007934677213283586,0.04133430866146337,-0.3365535812120659,60.34759238485092,0.3961948945421538,0.009740324446930541,0.07163823777855222,-0.08304028470652175,24.996867511782906,0.6051877924288682,0.0032810200991899518,-0.006398332652550853,0.4429601997634807,55.426711610518325,0.4147702034241478,0.0037404869882171265,-0.07710172008173827,-0.32919641201338734,26.3624808085207,0.5011209336120036,0.018064771386503496,-0.27550669186080284,0.03876318523316957,40.35997945221395,0.42263735860662976,0.01740518720610664,0.0968324804291924,0.013765398111523492,29.38672342720823,0.4835299829797721,0.010822175439915671,0.04334467200001746,0.0800291547152203,36.682690806610225,5
0.6276322950235558,0.007161805018795193,0.06931217855511207,0.09744601762552343,60.15545361128085,0.628137444124122,0.0019233707985317195,-0.04241426426524875,0.19134952102432898,59.4700795555989,0.627589862388281,0.007293092528686261,0.016375523559727823,0.155974088408386,60.16702609265546,0.3966784012846471,0.013041877507630641,-0.14761376078791225,0.27709636262727255,25.546302855498485,0.6058881920603308,0.005468065031495546,-0.03471245279403029,0.6613403914657254,55.879816881413305,0.41419891096724415,0.00506619475044292,0.04141714796695628,-0.4887618281139202,26.48897369478365,0.49994059556880793,0.020627222591679616,-0.10771717852090756,-0.2274502899533139,40.56454603081441,0.4225070534025203,0.02767612201544268,0.1376083298785823,0.2603176955797419,30.900573706532978,0.4837640991717973,0.012228323287339242,0.2160059905336409,-0.3091460893616025,36.926175716938644,5
0.628438702667843,0.004785835711914473,0.01637137626466867,0.14979164961145913,59.95336997270149,0.6285967769503887,0.0011948174107102544,-0.019643599357612174,0.2672130609349327,59.44811399305836,0.6289851855183012,0.004816597084423064,-0.01249301317976631,0.0819973166014927,60.0610275058028,0.3968326723028496,0.009055158605108728,-0.03778265101851247,0.28693494531082603,24.970644103214326,0.6064768525152588,0.003992863674518289,-0.028032044073545648,0.7391337790216016,55.767062583025464,0.4134382075517806,0.003403266067189863,0.11910828402324786,-0.5762731030382037,26.146759363555667,0.4980194732804375,0.010497863125413035,0.302820238721473,-0.5485377104707264,38.767690970665214,0.42498737589414853,0.02153562085711141,-0.12275434011533959,0.25737967049881355,30.300947958118748,0.48501149140598376,0.009208169291718905,-0.09077855289312703,-0.4643948281688345,36.657439243844614,5
0.6294789192369367,0.0015685072669646232,-0.05219759818580383,-0.3416176927078637,59.67026404733299,0.6290329035395369,0.0008681167347278769,-0.03608072444863708,-0.05920767228560481,59.48170845378149,0.6295039681093825,0.001519355085144019,-0.09157316203367394,-0.33742759734253486,59.66767078750525,0.3968988086928551,0.0045354731462511665,0.013713435525061657,-0.17860731890850576,24.305085150062567,0.6060082029891773,0.0015200081462533861,-0.0577471668597167,-0.1913517036117151,55.31337252731757,0.41379178453910287,0.0020789761406539565,0.053584179152152855,0.5635157235437968,25.993313587765734,0.49815193226852805,0.004528652369449459,0.0157772609197821,0.4129834252755347,37.8980713464782,0.42134091142381,0.011379621964723207,-0.25198776203092477,0.030855734163535604,28.324788218660796,0.48329050101400783,0.0040829186944101445,-0.09649187259980863,0.3756901537664155,35.643811141022724,5
0.6271651023741469,0.003386643030032726,0.06163876713163363,-0.26427138315243115,59.50501965687103,0.6277819334044396,0.0013667202654103607,0.032847068092954124,-0.042720982027904184,59.32016470589856,0.6271837546082476,0.0033174729596224597,0.0657635480888954,-0.2043656731810831,59.49822277765852,0.3955583726018932,0.005827981035635785,-0.0391076048220641,-0.1982021727867203,24.33833309462846,0.6052910504327241,0.002102222079071392,-0.038476086747554095,-0.03538211006383083,55.26981944987422,0.4145671858359258,0.0025438802095124158,0.06496171042717613,0.5441844110236599,26.158930887005198,0.5005013580026868,0.007197510909969631,-0.026518631889477062,0.5469053517568471,38.64767052996554,0.42233352959701925,0.014157579398043761,0.11247359043510868,0.11372695665668285,28.864320863589967,0.48382589288746547,0.005535704628582912,0.1270488479419909,-0.13923683761619898,35.93794418391183,5
0.6278112727441382,0.004944408126023336,0.18325809408565918,-0.23994074143014943,59.85876593846967,0.628005725242287,0.0016399666469939878,0.09066231136693381,-0.34541486337628985,59.40303367096574,0.6276719938415709,0.004717788159313835,0.15583029496308776,-0.20143989480465124,59.79877021369572,0.39681561161829054,0.004232853410640782,-0.03298110503475882,-0.24933108186815622,24.250089601785177,0.6061196794344681,0.0017817849172056365,-0.004029282929803979,0.3577198181254981,55.37264582232501,0.41341652632378734,0.002127726749787171,-0.02299504152388754,0.45030202962476934,25.954014921362305,0.5001636397908195,0.008937886751667472,0.025154544339399287,0.02088266641357359,38.856295111318545,0.42648362385023575,0.01295502069813308,-0.20375059320368658,0.22975242242436084,29.21354029588624,0.48457477088659545,0.0056563442673347635,-0.057837338981906905,-0.11267233326810697,36.06470158280236,5
0.6294111111478876,0.00474094193990755,-0.13045778787728884,-0.13580708913044218,60.130152374509024,0.6289556927108138,0.0016348838763377913,-0.06871796730542701,-0.3178795969239126,59.58138720657527,0.6292760886146258,0.004743623897167191,-0.13218963801849698,-0.10339606064225058,60.105059315996286,0.3976383364918151,0.006294600505415335,-0.09794448115319937,0.013669315355250013,24.655332472503577,0.6065018468211891,0.002128966631013437,-0.06411061442077848,0.3820877087811875,55.49388955764795,0.41341382002364135,0.0032741757083984335,0.06312784206567834,-0.029182407562976628,26.124500168532325,0.4981734101240528,0.016141980787958556,0.14388790187991402,-0.12572201000261218,39.63166712059997,0.4233793983465783,0.018534336724890223,-0.248264140348412,0.24535247705754457,29.64913341365523,0.48398455361899245,0.008084974791971254,-0.15491080360646203,0.11912900932680057,36.340818465270026,5
0.629353771753505,0.0049390080217035694,0.013924734796089355,0.014791406466127012,60.14883769828826,0.6290566659688156,0.0016096376169159976,-0.008959851705791833,0.14575737093478136,59.59667935489079,0.6294848797380447,0.0052513418840062194,-0.00916383874875093,0.08897865981349878,60.22013201353999,0.39665210181665156,0.007035559651290276,-0.014865621434817233,0.20409026329724247,24.648231869377362,0.6059021035328951,0.0022560605160398144,0.04034735700045955,0.14022471947009021,55.403756876727996,0.4146673468262825,0.0032673706597701737,0.051797782809600845,-0.3578241600279049,26.279189506898014,0.5003411238940134,0.015821425479833832,-0.006333152475316017,-0.19774225921148958,39.908578435423905,0.42403385709649155,0.01751454530405933,0.2537412282962724,0.2073633139433221,29.580374044924014,0.48590390306442044,0.008685502914582007,0.05026382243158839,-0.09803000986340227,36.70953038625838,5
0.6287798281448704,0.0035026599394085275,0.017438651963100016,-0.06982614487087903,59.82650717325579,0.6286307518280445,0.0011486243069281522,0.00876655819798422,0.2182313346241176,59.447638343316186,0.6286905546129471,0.003962866117547024,0.017595101694258153,0.020366237307612986,59.87823907044475,0.39692143816147296,0.004986126087486442,-0.011902193980704967,0.41186416300830264,24.37492699786128,0.6055620591711246,0.0018745020359001037,-0.05871064990294994,0.050941646497766065,55.285111929484984,0.4137045970239475,0.0023459739083732576,-0.052190356047078945,-0.41032386248561087,26.022274152159646,0.4986345230245677,0.010408447398044187,-0.1638164726921339,-0.4635610614349103,38.846316795099284,0.4240934490834988,0.012957623394378835,0.10221459602764837,0.17086375601865386,28.90897391909317,0.4843775522196946,0.0072206021986773936,0.034775373318887914,-0.10484182547513948,36.269111691754375,5
0.6272015420517059,0.0021984186968160126,0.005119216840183682,-0.11000193079973367,59.334830538631245,0.6279400753955273,0.0008130505532143217,0.033087689017648914,0.029524179747194113,59.26745527559001,0.627688163792004,0.0027348667405564637,0.09586937332964318,-0.17079253496947913,59.50635978902953,0.39671292402992736,0.003934820603453581,0.024513587255108854,0.31388086146920907,24.193459883770835,0.6057989180397942,0.0014929129466323705,-0.021869994175405916,0.5728739443501042,55.271293393776006,0.41369504547685126,0.0020242304972991083,0.06689047532737608,-0.2462651409169664,25.973148941911674,0.49783051946389684,0.009900506189650287,0.08415056101735713,-0.27504499653214814,38.65045933871188,0.42168013275275057,0.011375379459499999,-0.2609725568146437,0.18388189101252422,28.367051693222102,0.48259174410945593,0.006230328081576151,-0.007901451445991386,-0.07341326751551584,35.86253760654584,5
0.6287517953823013,0.003883237240078269,0.23518597035050326,0.06108355406219964,59.87792537824174,0.6287360137623326,0.000988015949656562,0.04883023401426945,-0.003942958949064281,59.44356062676103,0.6286118751046731,0.003822108603238264,0.1960144696444993,-0.04770361620897707,59.84242761027446,0.39658630819633034,0.004955819154374965,0.1345659932404855,0.2777009638670872,24.33052203132108,0.6064078648936365,0.0018552752901693035,0.0009066649888428979,0.5742465070025699,55.436010808964056,0.4141112321359601,0.002235359595732165,-0.11157741302740148,-0.24725001347332917,26.056285466938544,0.5001585213493352,0.011541127611290336,0.08474130958384829,0.2949166339683613,39.24340998583527,0.42536147268397084,0.012968449906413567,-0.2750783672629094,0.36526970152838545,29.072156402637084,0.484721986359606,0.006378236110316914,-0.22721363898060126,0.011367526567761537,36.19366778949753,5
0.6287409323630728,0.0061448648465368995,-0.2086751141416458,0.1116069183075161,60.21285886645192,0.6286749392780432,0.0010115890577105477,-0.10478050592196697,-0.06152185913187062,59.43555366103657,0.6280000480940899,0.005321468202262355,-0.2421382869578141,-0.1929961528795484,59.95050782306399,0.39555223899247627,0.005522141565360433,0.0029904711738664436,0.20280205084581104,24.292035159032864,0.6051005760063622,0.002088544081901368,0.018913599977536055,0.2055530808000335,55.23319913068801,0.4144862290288675,0.002166211569551015,-0.01894060811364029,-0.2188588780755172,26.092590632048726,0.5011277389983011,0.012875418993749934,0.05414649451957465,0.3977951222890259,39.58778904910115,0.4233470055738866,0.013761933856825698,-0.23320642057311133,0.3155490868381315,28.933931213923493,0.4853382332666613,0.006299232609776475,0.08470649456807589,0.012675253552999657,36.271565759417314,5
0.6281066509528802,0.004705575542699889,-0.1461328683164761,0.04899769769413345,59.87882550154879,0.6280467372716434,0.0009061896402960569,0.05179129286389261,-0.2004473624320022,59.301427886037615,0.6283512744831853,0.004117494344144311,-0.054692313174966145,-0.27671890523491327,59.837305278973986,0.39624287409909414,0.0033666810957751706,-0.02841781585301581,-0.09230265499512079,24.052897774417087,0.6057830604772545,0.0012412686760174625,0.01360131645641438,-0.28733509951051384,55.23091648690493,0.41413950250905024,0.0017231087922838415,0.0002536292837150289,0.2594085732739833,25.98347234081684,0.4994018506839839,0.008570220618188348,-0.039859561565903645,0.27472896163294064,38.68729414209828,0.423043485819112,0.011310039810227041,0.06106034199374799,0.018276245602004,28.53006456582161,0.4847036374404088,0.005074837515397478,0.0066809960718871575,-0.20134476471934762,35.99679321198871,5
0.628649539779171,0.0027960046784959165,0.029672464487128125,-0.15059369138149867,59.69664127678041,0.6283313436975555,0.0006242004035421929,0.013939572260000865,-0.49445376999831175,59.31304748104415,0.628636186657411,0.0026316618960357118,0.022208442193309086,-0.14994514083540347,59.669635898785,0.39698371803855,0.003858677966648993,0.04287721930988467,-0.2452943055729451,24.214353875187342,0.6063949332492211,0.0012429412699761007,-0.008087153195228125,0.2150194326808598,55.34242050977552,0.4136647508393055,0.0023891458279667772,-0.03380379096517633,0.3641796893179135,26.023761641408754,0.49729320633863705,0.009946107029645691,0.0012471426363867555,0.17265311257213004,38.57704990800154,0.4256220556181376,0.01686166779316984,-0.01754736132088891,0.0575229267300772,29.685508635473653,0.4840542830345677,0.006183992707195899,0.03622203326009765,-0.19994264018871583,36.067697251988605,5
0.6287151863460855,0.0027729690708439758,-0.043450759684084295,-0.044562416666145674,59.70559022288471,0.6286828440425183,0.0007170887083894278,-0.03397794945317334,-0.3000100036339945,59.39316397655843,0.6284657542429654,0.0028656860977302107,-0.0531850027181357,-0.30103928185281487,59.67236786698871,0.3963721541356385,0.004034778810647762,-0.001697626463722901,-0.03635458563459847,24.167814728905462,0.605692529648409,0.0011605892034149338,-0.01189862565030153,0.5509474413610838,55.20244386209215,0.4141974581442526,0.0019846797686087414,0.006575723610138917,0.17580697248620222,26.029647435496678,0.4989326896677838,0.01216806816264864,-0.00012469612901327976,0.4596049652140289,39.153116479104,0.42332889915976657,0.015266988675538537,0.08574549187827171,0.17038025274601826,29.155884842228218,0.48403827394923393,0.005459562415188565,0.03160282838234821,-0.4558934433846982,35.95743239702613,5
0.6290215353794167,0.0021089869099044415,-0.023471317479190068,-0.16372525709012942,59.664452845237584,0.6288175282383166,0.0006983440285583296,-0.00238021718893211,-0.1926938592777275,59.41577583321711,0.6290944251622278,0.0025261586826358243,-0.009109425338340194,-0.1920373027238997,59.74036700924182,0.3972839163864156,0.003747689703122153,-0.04617135249981927,0.19613640748695213,24.23358229866447,0.6061976462982384,0.001270954900255816,-0.02588364643466934,0.24473991729807534,55.310710236766724,0.41350412270785314,0.0014888649107983644,-0.009152445644679819,-0.2615837664772958,25.869689796167645,0.49927676537168936,0.010505211614173272,0.025157170858498,0.360604361336404,38.956869796514354,0.4255626513519317,0.010837500997838007,0.017432421466963666,0.2423336933524737,28.78032318253073,0.4844948804860843,0.0043547934890328065,-0.0175951152969277,-0.9665639538672615,35.85915761244964,5
0.628004786515978,0.0025046731152253195,0.034992698992509896,0.20903329126736167,59.53169807721544,0.6281890249617416,0.0005676662678137903,0.012189702504084021,0.23551855245983655,59.277799936261786,0.6280049308580834,0.0026670543273096,0.026034693258078945,-0.05443094117461106,59.55592007207903,0.39676234883528283,0.004895361098277292,-0.012052037815326627,-0.021149957362963972,24.342463021636917,0.6059973471115074,0.0015229323102325793,-0.005903533674943562,0.01164601142378665,55.311834620152375,0.4139163417361278,0.001898584137255264,0.009099346165631572,-0.2599917593976328,25.98189972988387,0.49967098553624284,0.009022685423991832,0.018446261858797497,0.1466703873182058,38.79504419618881,0.4241561066687627,0.011475652862958305,-0.08226863859961597,0.21566662116792537,28.696132700241208,0.48455236786620837,0.004918214841479387,-0.016399859735796052,-0.6035148050000897,35.95146359209283,5
0.6279459605220641,0.002637406245828205,0.02393839879865922,0.3399640109693404,59.54039293102504,0.6281229546484401,0.0005779187424287741,0.0239739943875793,0.12239882147678388,59.26687681606485,0.6278242698422185,0.0029722959222231687,0.038228298022270346,0.12500280413636175,59.56736916284848,0.39590120735321704,0.004753248365251936,-0.040947527132692396,0.16498168557230727,24.218898903982783,0.6056021009078569,0.0013028074829029613,-0.02548804625253409,-0.032110827716478725,55.207204008554044,0.4146613329962824,0.0021105116186384905,0.028062966840175785,-0.5170987159327425,26.1060693935152,0.5004901529367309,0.014355484137674073,-0.023462000631464086,0.26831578711973086,39.71252611450831,0.42134425504705963,0.013027233020309297,0.13449778293085368,0.22207588111766083,28.57070490920033,0.4841664274031469,0.005835430489845429,-0.03698626065667898,-0.48742488962352454,36.03204855663597,5
0.6289163145622518,0.0019297772089781682,-0.07846442529870068,0.32673027583304204,59.61789641252255,0.6287268160991593,0.0011480620408827766,-0.03218163772499916,0.4934035724516381,59.46567263641943,0.6288414199619234,0.0022599638516832984,-0.07455804540882838,0.3000643009663402,59.65296433286004,0.39642918473447125,0.005770683167710202,-0.0010315438745628347,0.07126207786102494,24.43324656837445,0.6058287724558876,0.0012173756167286397,-0.00515019270607231,-0.08428528973183455,55.23566419720374,0.4141992404448465,0.0024061404440363235,0.009198316207449042,-0.15521188057648694,26.092666543924576,0.4992869477183888,0.015991310173718864,-0.006992166387396637,0.43646646228029384,39.775823640175865,0.4236811026802194,0.013930471922515926,0.034966405249684085,0.18861094272596526,29.001491831703863,0.4843263738792397,0.005890342055268357,-0.002602465928479236,-0.3080739676356742,36.063466431486944,5
0.6285873911843803,0.0009700828955718906,-0.01860504546955266,0.27591948286768536,59.41285860483799,0.6285390465747535,0.0008647674830487826,-0.00616743393593866,0.7721763726738342,59.3880503153393,0.6285114549040917,0.000818552635952895,-0.017018888331042037,-0.01742695231408958,59.375961684605684,0.3968811596273513,0.003526460101345033,-0.012687165546532292,-0.21346292903171213,24.152640785173073,0.6060332612665188,0.0005362998974801699,-0.013363226926285332,-0.248918442533149,55.171355748924455,0.41361611179707375,0.00134063711333899,-0.0010678626523821233,0.40379112135736145,25.861498120606925,0.4988025938001685,0.0059295916630133765,0.056295978200254226,1.1863525020082175,38.204113295055365,0.42421691566045455,0.00718357555549357,-0.09603077063894988,0.2316959674878399,28.064351487638923,0.484118448374947,0.0032467339080963485,-0.014967024407857521,0.18891444470351215,35.63936416085129,5
0.6286298072298542,0.0001677819321225611,0.015784996386844607,0.48651701033313843,59.30131468856278,0.6285107906944486,1.7591270021468792e-05,-0.0007230149832697652,0.40257621713805414,59.256493202137335,0.62849230224632,6.737880186392458e-06,0.0021023342060987327,1.5827830856669602,59.25139004157972,0.39677463120719353,0.0024414418208224447,0.05272898598491804,0.5006714090573136,23.978291026743207,0.6059543235591328,0.0016401005627646459,0.012351532699307666,0.6890643820552705,55.32147131985286,0.41388035695845515,0.0005450596901745648,-0.03239472314049863,0.35512263252519943,25.77575637524475,0.49940514428121274,0.001449889605115321,0.008476794581028513,0.2714962259435104,37.62685827134301,0.4236333324912537,0.0016628721265194019,-0.00960738289533053,0.06306518958657618,27.167548006498148,0.484398684144698,0.0017376604198854097,-0.03775387125540325,-0.11204916186779093,35.45522418273016,5
0.6284957776291694,0.00010087717420605697,-0.0005872376846887128,-0.1612710355526207,59.266072073610864,0.6284660877896802,2.0740205218349883e-05,0.003096174471232449,0.24876336776341107,59.248533815827415,0.6284422193541357,3.520693662028069e-06,0.0005196749865233885,0.8395706014423481,59.24146804336839,0.39676895734396417,0.0034644855212684596,0.015856209277624433,0.6392419883359804,24.130049169441467,0.6057581132527359,0.0028215249825764986,0.023180386923680296,0.4777555023704567,55.46184098813106,0.4145847319913589,0.000960088339992952,-0.04113543582653434,-0.04858907884084938,25.925128162710983,0.4994374137397322,0.002144606835125834,0.00023310269411802587,0.09017394538280843,37.73520595488863,0.42368428312167716,0.0015931581787541158,0.04603204560006724,-0.013253404064321657,27.16363633328379,0.4844715064661676,0.0021171506960695947,0.04190390870676958,-0.4406196382981395,35.52235154035405,5
0.628497080707718,4.386501236963529e-06,0.0032277360020063206,-0.6652918663338909,59.25194065740289,0.6284427961672702,2.7745485978246404e-05,-0.002556037064702199,1.2149370853281993,59.24518628559135,0.6284509228908165,1.2783011129893818e-06,0.001454710083107047,-0.1788806816742083,59.242774839213695,0.3964991291163862,0.0024693126563274065,-0.005178016708319633,0.22417176432671035,23.94966149430069,0.6058960090765838,0.002448218921589578,0.002003065255771541,0.05640900405549286,55.43128069155662,0.41409082062973435,0.0008352437150694251,-7.54587624402503e-05,-0.4205031695810399,25.845132473016356,0.4994547534288586,0.001098617805901339,0.039373727540648606,-0.15490361317013554,37.58195166148158,0.4239796065664226,0.0010797981415972156,0.020833386547167876,-0.0090698003516417,27.124695940730753,0.4845549891288832,0.002046615596995481,0.05987229974598618,-0.36487592593813545,35.52397634740613,5
0.6285197381912556,2.0100556250195062e-06,-0.0011705922304255933,0.00536353811499959,59.25585869268881,0.6284894282581881,7.360893185565753e-05,0.035164991487620534,0.8170627062807655,59.260811945692105,0.6284539237226111,8.987038943578041e-07,-0.0016636970374391824,0.29017169761889483,59.24328404323208,0.39590057012968755,0.0025509142056337527,0.032238786316524715,-0.6653035089314904,23.890675430991173,0.6054483159123748,0.0019888271250959057,-0.05581578741203708,-0.24709705411383603,55.281484727808916,0.41367293982932757,0.0005104324382945576,0.09105556127331887,-0.44004077280269555,25.744849605361658,0.49936932007129653,0.0008527944676329001,-0.009479375364003617,-0.24386045126910733,37.53252404994766,0.42371117274796666,0.0005906939107903077,-0.007102888695159848,0.005949681887109189,27.017687079426338,0.4844120322932284,0.0018606459817313722,-0.013197597234872127,0.4625454999221218,35.475488805846354,5
0.628512936464887,1.7546297522394814e-06,0.00017553539017012287,-0.3102010367557116,59.25453813539035,0.6285303252768968,0.0003386816402725941,-0.006773916908634603,0.8921809552618585,59.3080190333029,0.6284418848358347,7.305226618324871e-07,-0.0005558893410507748,0.32663344157496643,59.240989240279106,0.39608245863340247,0.0025695560027567186,-0.009117260952928363,-0.6164479529758958,23.915060949972904,0.6053499898655295,0.001700742328634478,-0.0035617783655381707,-0.24513745374640275,55.220702141496034,0.41420647445319875,0.0004695341724467095,0.011625907020363313,0.22685514405797658,25.805011113536818,0.4975541284930853,0.00176901943629359,-0.10440502763623077,-0.023631303616098977,37.397600513084775,0.42281239220928074,0.001481197129100094,-0.03625949262006428,-0.22000131616046872,27.036246223096114,0.4836036153308584,0.002130379407616437,-0.1057460538667363,0.39383034665667027,35.398295045896376,5
0.6285086522780207,1.3914208772797332e-06,0.00041894670747111284,-0.4666910985920488,59.25367621996078,0.6284725945066904,0.00030066863691856474,-0.025985396469043187,1.0081589713503911,59.29146993379648,0.6284488377238241,5.378992009137064e-07,0.0005480175282367439,0.06538689498525645,59.24227139244476,0.3960956043439045,0.002989376862356923,0.030055551197938735,-0.607446615288466,23.979176319575622,0.6057832931414241,0.001953925638039122,-0.006298917883330701,-0.4446081204468809,55.33714465745811,0.4142342289739581,0.0005547416494726316,-0.016529953526551122,0.16384596339154123,25.821155973818854,0.4993335794152298,0.0023624852251697896,0.06453091343185713,0.19709777600731365,37.75211382829414,0.42310357624903605,0.0020031645287475375,0.015794253472141806,-0.13193239661221864,27.150966949991968,0.4843747210156848,0.0025500876762641392,-0.11040173957391608,0.2949670862109866,35.572793617616725,5
0.6285016902628582,1.067291672074592e-06,-0.0014185917235887135,-0.3035741304499519,59.252315225949594,0.628468020117617,0.00043185445006116874,0.0027480074697310286,0.9979760048440887,59.31015415964274,0.6284543190943643,4.772868329213225e-07,-0.0006452276453675632,-0.13738684136206653,59.243295793992274,0.3968191138172274,0.003406895385015379,-0.007191836723799194,-0.3877146421164672,24.12743877597075,0.6061111469344466,0.0026565038170176794,-0.042816823338886645,-0.06967123429999321,55.50142743446419,0.41395139703308964,0.0007001584853557928,-0.003616088286130692,0.17036201954394062,25.807687480165008,0.5014624375716803,0.001576217358476317,-0.04244898399369501,0.29401479312652945,37.954542830712654,0.4250640760300725,0.0012658225342074545,0.04492223563465769,-0.07386792825846826,27.290527867291807,0.48451903642074645,0.0023797501338233113,-0.05098726665023856,0.2565156479251189,35.56838726805296,5
0.6285206097440014,1.113733878917209e-06,0.00036230756443778045,-0.3332449457179564,59.25588947729365,0.6285023294687744,0.00045097552597089276,0.004984915814962854,0.9890349485124594,59.31947207552102,0.6284447600233555,5.449090558115348e-07,-0.0004563816529431497,-0.2177535424384426,59.241503651571264,0.39683276980614485,0.003409886579188896,-0.21478243142990644,-0.48226288723979926,24.129510179101658,0.6059314810460753,0.002957449342802097,-0.1690374656292135,0.19197010954655536,55.513603910481066,0.41397988061275404,0.001098617752219875,-0.022645777138240675,0.5884283155104294,25.870595277903277,0.4985235255381673,0.0012533344584708124,-0.00036890338971667935,-0.38304233611208516,37.46560266156271,0.4231961495613078,0.0008341347588273329,0.033270009584251636,-0.07446770023036788,26.98853322959279,0.4837518015941654,0.0023316346396483945,-0.053040280802222506,0.04174130924470766,35.44978439314772,5
0.6285321262901679,1.2740306382133618e-06,-0.0002759062157111636,-0.6038390047108526,59.258084897391015,0.6284840844263266,6.080712205076416e-05,0.001215365393436696,1.0220174434591536,59.257896917765265,0.6284612601697324,6.997854502059056e-07,-0.0003976510451423332,-0.2662254160901607,59.24463759815127,0.396777916491563,0.0032290627046268915,0.006141610560914501,-0.4319511281400792,24.09603759529727,0.6062114082504868,0.0022598331608350195,-0.0002306787852890957,0.14206164701368387,55.46055586492018,0.4138965229008283,0.0010893176143643671,0.010619978348303027,0.22933017448808163,25.858858074949673,0.49900889521846276,0.0013541162231780312,0.00031642416708266285,-0.19217379170258383,37.55324494332615,0.42290463261327965,0.0014817071481415928,0.026132550610961203,-0.06829311517946524,27.04802360793905,0.48466649463616657,0.0021328273396930054,-0.03405327037308614,0.45218102391244835,35.55303292705064,5
0.6285177471223062,1.461563756363765e-06,-0.0003128448541346307,0.03036985454827943,59.25540154015456,0.6284632495497233,4.0227872349715264e-05,-0.00041082489604182815,-0.2854915340729855,59.25090235816977,0.6284708266509538,8.227717153921812e-07,-0.0008608600664961052,0.01715981651925509,59.246459585685585,0.3967930675925726,0.0030461343689226483,-0.07769969090622153,0.23216003525125056,24.07058479439805,0.6062739210704648,0.002641485031513602,-0.11935362607615696,-0.09539183728995354,55.52879137521898,0.41410242257293844,0.001055295889155552,0.1360079346474598,-0.10306174505383923,25.87936154460065,0.5003629890889196,0.0010828743775641923,-0.09097036374519751,0.32026239721854066,37.71581640975678,0.42495285264651383,0.0020335307862170324,-0.16593052471845798,0.1336951293692454,27.390735133007805,0.4847672102181834,0.0018038359424833636,0.08697640051233757,-0.00957124266462229,35.518658770838066,5
0.6284862289323331,1.2755614365895243e-06,-0.0028862213678584325,0.5969405964904883,59.24943105229181,0.6284783748953545,3.028392083628024e-05,-0.0007346875039634382,0.49157459296080347,59.25227246087047,0.628427021192327,7.017578642409131e-07,-0.0011635709062509658,0.20782565967772304,59.238182706620975,0.396286136535736,0.0019622406541382957,-0.0001347891263825396,0.30343596032113357,23.848779159029604,0.605741752890422,0.002216933713227308,0.030002086865899336,-0.2404331280578625,55.36878380248503,0.41371006856414516,0.0009616251158726435,-0.10458171369813041,0.04098301880844614,25.816685266967475,0.4994011223896107,0.0012191007585957044,-0.035399257934934425,0.05471825396712917,37.5918681696312,0.4237130162378793,0.0015858825864630574,0.036426820927868975,0.43827085200803795,27.16620452479321,0.4845647871448369,0.0013885711137247515,0.02147107929598341,-0.332749123427918,35.42735203705317,5
0.6285134009916973,2.183808686418118e-06,0.00193326098250457,-0.3240925420163118,59.25468967141676,0.6283605825943507,6.856341021766633e-05,-0.008890366485083345,0.9751656701979704,59.23576921186921,0.6284431749436178,1.2656150384452091e-06,0.001594235129178334,-0.16179138567867493,59.24131219662292,0.39683124202157627,0.0016162302300609984,0.0022883428976726017,-0.38621933203600134,23.86207350093712,0.6059209580410774,0.002185473928561782,0.04031781800510714,-0.43620985228793774,55.39666672436829,0.41389273014890476,0.0009638565845523864,0.03256094486009836,0.6690585607747424,25.83969344161542,0.4994464945501861,0.001719491839842632,-0.018228297615566325,0.06871419191361866,37.6732244219069,0.4233447315105313,0.0011499443715552195,0.0437192153650634,0.14051779995636698,27.054455966020306,0.4842361058105046,0.0015332798769093433,0.0013012951809135975,0.6077329802626865,35.401149627237814,5
0.6285057921665795,3.7361803506911437e-06,-0.004516246546826697,0.19482416344885542,59.253486308913196,0.628461103393023,0.0001636596654687486,0.003658985371639889,1.1885875347398598,59.268889061851226,0.6284511962125178,1.7252095301481267e-06,-0.0022308125058347894,0.1427303789741318,59.24289295936167,0.39693352459170084,0.002234001682749156,-0.09133148044917938,0.03342587344309774,23.96629969244818,0.6059321657603275,0.0025480622397670723,-0.21333307396802415,-0.06150321813933652,55.45272969917546,0.4144521268847002,0.0009686306654629858,0.11102309034089947,0.8492031602376034,25.909910791041725,0.4988661795974487,0.0013763326517772431,-0.017043015744726053,0.08880223609414863,37.53519333703792,0.423669160918791,0.0008178857447610182,-0.07106038533157705,-2.4167020865672533e-05,27.046198663014252,0.48376066000817475,0.0018583449746405638,0.0708228448908908,0.3521558865359001,35.38054982695318,5
0.6285042016167705,2.4872796128313354e-06,-0.0005814674696902333,0.6936480832907618,59.25300032215243,0.6286388207259347,0.00012418841049751056,-0.00798591839235907,1.4261414536859855,59.2965191117182,0.6284477371226606,9.760721949836797e-07,-0.0007956412207081875,0.6963064444980982,59.24212917894593,0.39662428556090384,0.002300717959440668,0.013541953573063287,-0.25423188241136463,23.93943056046127,0.6058844049443283,0.0016422329607106666,0.0006277477537409704,0.1537433077364362,55.3090795343573,0.41386589059265716,0.0007192243506048574,0.025405749754644547,0.09540599990381658,25.799910737648112,0.4987823342287693,0.0006798206981082742,0.04184352526425683,-0.20178025557606413,37.4188658248231,0.4229828639299084,0.0008803565676026257,-0.020070141832183974,0.5240337617575018,26.968348605324913,0.4842908319779692,0.0016688946353940384,-0.02200357655447982,0.07741338053454623,35.429306791360744,5
0.628542617791675,4.702444497050507e-07,0.002058435672272041,0.8884630310839915,59.259943423484756,0.6284723397506523,3.640013395216935e-05,-0.006272325409536483,-0.1837116575905663,59.25204589470776,0.6284688398431253,2.498063367680412e-07,-0.00018282333609753731,0.9189101840906669,59.245999619208746,0.39699965525106784,0.001966688406038141,0.08102471565703306,-0.5229649475155798,23.934345512919695,0.6061434079930594,0.0018540997435077258,0.05767657776414481,-0.18968691399735643,55.38773551979871,0.41390286685595573,0.0008660841799244579,0.025233232339283873,0.29802585131544873,25.826384021545593,0.4994854444592689,0.0006528431321028993,0.03303081676827352,0.020270704310569022,37.520130010684355,0.4237178059790285,0.002031513616580183,0.00412473633213345,-0.3757546542769208,27.23321239442269,0.48454856982602706,0.002456652980160102,-0.02366898017473934,-0.2585889563240969,35.58413877211109,5
0.6285160784646844,6.62345858290225e-07,0.0028891867569170726,-0.1119431988113467,59.254967822826664,0.6285510648445499,4.23398392463878e-05,0.0018568659353014327,-0.10809157313391046,59.267774803630346,0.6284562433678512,2.3545607536306058e-07,0.0016045091386962529,0.11901154591335729,59.243622557159995,0.39673581159519355,0.002073795607776382,-0.0029184383428375316,-0.42498596270123,23.91889117587322,0.6058222117192185,0.0023992535373343303,-0.040094587686895555,-0.0372680951276391,55.41057160891766,0.4142585872672174,0.0008585787222647125,0.01867401180588235,0.4796987592908253,25.869454798312066,0.5001669212003391,0.0015342473442938116,0.01330579157578815,-0.01367191213669689,37.7536452137537,0.424520905041459,0.0020786596525571932,-0.05891768441830311,-0.48448288234214154,27.342420110813933,0.4844451279880595,0.0025635439947209026,0.0032289787807515125,-0.052115135987268184,35.58503035991851,5
0.6285249347163754,1.7060978069471158e-06,-0.0009545535465366184,-0.053413599595529195,59.25679324260685,0.6284682917379489,2.9069803194639778e-05,-0.001269362353043979,-0.1399616734692838,59.25019045867836,0.6284565140365103,2.832848629659359e-07,0.0007753451197360928,0.13215828131400317,59.24368071468294,0.39681116590068594,0.002861521025685622,0.05299137872161719,-0.6246972672137104,24.04523184034641,0.6065247266844632,0.004378708032247031,0.02748922799789899,-0.5341498053258652,55.83326410875425,0.41410993880792035,0.001577767019034321,0.0056364853034686635,0.22038808742099075,25.95814349876104,0.4994726924002371,0.0022999032680692698,-0.04434430398326239,-0.13129478587483176,37.763631154973595,0.4234093626743091,0.0023648969328910635,0.056633925852216216,0.4130957427753126,27.243692903040454,0.48439198035634395,0.002452446341929888,0.055307192413939166,0.0857019244102734,35.560753099978655,5
0.6285120472770397,2.3865661275736427e-06,-0.005448865965845706,-0.05535252494315815,59.25446463420935,0.6283892323014375,0.00015044887655663762,0.01271655119627424,0.9804008105207506,59.25337097346543,0.6284386392039483,2.2080866035920906e-07,0.00031369107913181704,-0.4013278689898296,59.24030138716692,0.39559799918923316,0.0031748248713533473,-0.08821332267211496,-0.24205451284552618,23.947715450210325,0.6052537623906122,0.004307951323107736,-0.17175934044823427,-0.538643193320649,55.59170228034183,0.41417225041080435,0.0015407754704736614,0.10055227477758683,0.15744810812735408,25.960373496653077,0.4985442648351607,0.001940253953489068,-0.07228861515464918,-0.22070588060991808,37.571055439074485,0.42399287377398553,0.002699944579767557,-0.0018023027567111716,0.26318430502405527,27.367785294053792,0.48493709819589553,0.002750567946519874,-0.11130334290211547,-0.08106275463414798,35.6844330050298,5
0.6284809141183778,4.114815658590265e-06,0.0015890213545042275,-0.3249498129735246,59.24885201919389,0.6285182839312561,0.00014335594595618772,-0.006807913866260562,1.0265613218442349,59.27664502133112,0.6284405004148316,1.6953752748145008e-07,0.0004052269294131383,-0.6136012577029414,59.24064464533819,0.3962786088495353,0.002220105207648937,0.09117085051088264,0.0891785583848929,23.886306050698142,0.6050363137502478,0.0021634391683853084,0.005875358855097601,0.2192387908357683,55.232693579562664,0.41375859874473725,0.0007662211998227063,-0.044900847215246675,0.0911106208202183,25.793593664054846,0.4989920844453538,0.002352418377864131,-0.13890791266812175,-0.1572775194761081,37.69947538916962,0.42473627052499213,0.0015154241535040001,-0.0820993070821519,0.0100161193070221,27.285933123793992,0.4835784810242689,0.002618727869811611,-0.1578632270259051,-0.27725029271602974,35.467412549062814,5
0.6285094721749473,3.0876293585536303e-06,0.008197133034043125,-0.5231328017764327,59.25408354881907,0.6284736157791727,1.0149578695255594e-05,0.00025495977655409785,-0.3078442365525093,59.248375146807675,0.6284545946938538,1.2512938599351647e-07,0.00027834635636303506,0.1723540791157817,59.24329528305093,0.3983757600503287,0.0020580789331417298,0.04163528520202964,-0.23562613716001035,24.112140690389687,0.6072749421112782,0.0026002502710388772,-0.005355732783307143,0.11878775763317001,55.70486558782324,0.4137082403863551,0.0007169669032101554,0.05951748896696907,0.1946642548924598,25.78000429311444,0.49971018338585765,0.0033392810032425936,-0.0012201474208196061,-0.1676676275517342,37.954092976412284,0.4233036803174523,0.0012149449593687415,0.11630982867059719,-0.0910831586993587,27.058927664490923,0.4838499139371836,0.002850865036001373,0.2340379069747684,-0.02662365366386371,35.5413897729172,5
0.6285130353154725,3.9699448460536653e-07,-0.0012220978689874151,0.5607467708332836,59.25435448639848,0.6284623421521672,1.0676652744181661e-05,-0.005808224729411227,0.3524171468273678,59.246328146767056,0.628441613440642,4.854923069319991e-07,-0.0026887467057704617,2.4654727679687403,59.240901563935324,0.3959540610616628,0.002127394923658426,0.02033183277816991,-0.5919380667184894,23.83392461430855,0.6056547846678481,0.0023402536402928743,0.037359301637382436,-0.1529973010723552,55.37135552106221,0.4143022988762439,0.0006718694589887398,0.034418766538557355,-0.2267897761737719,25.847067777510397,0.49982101076246804,0.0026932534092495176,0.12435605676466449,-0.13960381056546178,37.87445117792046,0.423018660955994,0.0009263127847944252,-0.0289420317999452,-0.29313160839094554,26.979738732484694,0.48516600293221235,0.002074849385774198,0.026536037301237547,0.32360718177169717,35.617060118663275,5
0.628501911681617,3.2507087382681133e-07,0.0008138225062607196,0.7079335105848177,59.25224638367727,0.6284716302152441,7.950069205533269e-06,0.0016797858479837835,0.5643724865001428,59.24767305812259,0.6284462205668658,6.142037976333156e-07,0.00044968225685415586,1.576407016766657,59.24178933808254,0.39563418745717643,0.0007836461794768346,0.1670777830479444,-1.7075056100591628,23.595724823477084,0.6052683773405277,0.000700308306304012,0.12797628780459158,-0.40586796898606103,55.05681722890462,0.4139856492583595,0.0004660331051387008,-0.03751965095955695,-0.5931923219273936,25.77705660144549,0.4991959705174531,0.0008546740274145299,0.04258221582498217,0.03684914812585753,37.50683897721408,0.42354246196995243,0.0003270803600840841,-0.03040508091491756,0.17281741339504936,26.95696753738782,0.4843022614801426,0.0005611994979893135,-0.07360093752484398,-0.3725856296999194,35.26592079641749,5
0.628502301451486,7.991342445627801e-08,0.0007271852459912465,-1.1888263809605475,59.252283346572426,0.6281399700764309,1.7035000298753493e-05,-0.029794094595144593,-7.134199223008181,59.186511516187444,0.6284613777283602,1.8582721352501896e-07,0.0031626565466699175,-0.9367257872191209,59.24458318268913,0.3965900680613241,0.00017775393593034476,0.07325303785133258,-0.8111393623613209,23.619037649186467,0.6057403530378783,0.00019300946916302918,0.043284147202779066,0.0852846070793577,55.0669647056733,0.41416062926518477,0.0003283398891680657,-0.05642967427792611,0.9155898674039132,25.778276668486114,0.49883555877353775,0.0020134615260905837,-0.001974883171031838,-0.405449445281941,37.625542971923636,0.4233425587140608,0.00039754380463928574,-0.043299438797264,-1.3506107578738562,26.942072329676456,0.483961429021316,0.00024684318266409154,-0.08673394083125491,-0.372743899760876,35.1695793512701,5
0.6284875968610005,1.6487008941264402e-05,0.004446138892763463,-0.11840909271037661,59.25195547554956,0.6284883087674331,0.00027338936950073683,0.012798989956612994,0.7275799037565907,59.29036815465784,0.6284229050868206,1.829236321028919e-05,0.004736376870682402,-0.2363364335478365,59.24002770778222,0.39663229677459544,0.002135157374933327,-0.00705459433282396,-0.08504744548445435,23.915715275568676,0.605937882849282,0.0022236291277531444,-0.007049316248869897,-1.3008471585499948,55.405428420815745,0.41393734608978355,0.0024238175738176587,0.011998812802148179,2.1844992809123402,26.062767791676812,0.49936656582780076,0.003283505569983197,0.022962935686373642,-0.012881359881249253,37.89428738992519,0.4236774613821479,0.002638835218072311,-0.0022610579355178406,-0.8274065589577968,27.318575139975984,0.4843797171245266,0.0039599137721435095,0.040117771781161604,0.9008114049156317,35.78358370629484,5
0.6285254196442202,2.3581681823045414e-05,0.0021654491401968956,0.2750433527098635,59.26014414143308,0.6288402186846926,0.0002898080955325152,-0.03202183205080589,0.6886918527498346,59.35918450154614,0.6284472728424012,2.4988733191350276e-05,0.005768153917178109,0.17365725900389017,59.24561953270323,0.39658143483531566,0.002263588943736556,0.0396352351219334,-0.08861944030215664,23.928799921022406,0.606046824535654,0.0023436603777343763,-0.015657037967736875,-1.1856093785604689,55.44311842574487,0.4137941512219146,0.002307106985934759,0.008506750258220452,2.3137502617742443,26.02759887872399,0.49984975324238085,0.0019009277590307156,-0.02643197671175379,0.1222156258350947,37.76070460856592,0.42405846516027906,0.0023223410240557412,-0.059597357343948165,-0.9279457200763518,27.319866093698046,0.48467416417315823,0.004056753194460029,-0.0035064858125589127,0.8705305486766339,35.84081303851698,5
0.6285344871851987,1.3668798493789596e-05,-0.005622875873775857,0.6429181296317897,59.26037688814968,0.6284709794668794,8.112299322156596e-05,-0.01199687914383707,-0.15932398567208103,59.25845313079883,0.6284782970083713,1.3058692131765976e-05,-0.005692929616843756,0.8338842176196316,59.249691216709024,0.3964907869068537,0.00227905597312981,0.01339993358644992,-0.9225223476555272,23.920320955298756,0.6057907690511279,0.0021826395751813298,0.010116376014356332,-1.4998537166977046,55.372581676835566,0.4141174225699302,0.0026601224627664658,-0.013313851857331721,2.6989998576594822,26.12034419834653,0.4993333071817063,0.00301441026981737,-0.0211481225366828,0.08458428001787963,37.849209879355826,0.42369826211050976,0.002001727035657753,-0.000534377517033946,-1.1868032890437474,27.22628992563294,0.48427564760271896,0.004452059145440797,-0.034515885838083016,0.8438584204026572,35.8417922418256,5
0.6285424175687417,8.420257304925268e-06,0.00700616546477173,-0.32801881400585003,59.26109022081221,0.6280319331973055,0.000158882846492647,-0.0585604286770699,-0.6960448854906968,59.18728991145913,0.6284784019874757,8.684633501426507e-06,0.007241736035420554,-0.04119332595185427,59.24905927510141,0.3990142150369226,0.003080720137131801,0.23971717801754583,0.5211835793788785,24.340878870662365,0.6080986957244793,0.002770122196089246,0.2843206929951372,0.03263887331000424,55.88035176848921,0.41224140841036255,0.003258946225653511,-0.2980519151310527,1.1504819340464187,25.97702980884628,0.4986491991191762,0.002854694764314274,0.09390762989765872,0.20845244195494658,37.723003087212206,0.42406427782563827,0.002380175915131221,0.1316895510676913,-1.0030877790320407,27.329222970521574,0.48264261557017485,0.005340427269147526,0.10987124176357471,0.13662370867257786,35.73730781776593,5
0.6284583332832725,9.792219166874641e-06,-0.0012854117941090148,0.4051504682123585,59.245440541634196,0.6282625838346293,0.00028570412207669187,-0.03414908493788449,0.03377132505115594,59.249651051174126,0.6284186402350722,1.0388083165196556e-05,-0.00040104227340154175,0.6016805483931467,59.238045933626175,0.3963306974934053,0.002180667080054252,-0.011943211255260544,0.2616063421217408,23.886622661269463,0.6056305524329063,0.002800788156119954,-0.016487588956837107,-2.382154882524674,55.43557234128996,0.41433794730367196,0.0025652972639819164,0.0206010296635471,2.1215506439290164,26.133619478706375,0.498946078864735,0.0019897417900157596,-0.045144915887144144,0.1841814085650009,37.63854996888651,0.4239163492984848,0.0018848593003407215,0.0036279836850890423,-1.2611937448090715,27.236604716134014,0.4844248092500994,0.00327369646036147,-0.031719001357692955,0.4821309412514328,35.68789014514313,5
0.6284770975241062,1.2449116897055328e-05,-1.195909119622307e-06,0.22142785625061673,59.24937423526639,0.6289278462669756,0.0003193571255423018,-0.018098509261333606,0.5387777372722913,59.380119583208284,0.6284231054822544,1.2400679969835832e-05,-4.514616968764873e-05,0.41966766609149525,59.2391876269096,0.39410171151564927,0.001977715485208503,0.18469176048061786,-2.3502434803566037,23.592103460230675,0.6037247750564044,0.0031231558521998075,0.010527906347458704,-3.690577379035196,55.13789082451368,0.415832478148334,0.0033820646230470425,0.08078440509877771,2.8200210686921827,26.441425111281717,0.5006818671020458,0.0029182659293640312,-0.20774392807333375,-0.028703601747651696,38.03717143019384,0.4234078903987468,0.0030739329169528896,-0.2368791126364495,-1.36775802286761,27.349152252413568,0.4865958800762212,0.00521748457318602,-0.3378479901473883,1.311184315610343,36.29373777747753,5
0.6285599412302815,1.1821108247733379e-05,-0.00039258906754391365,-0.595551359767707,59.26490130304116,0.6286725297100985,0.00025848850305583,0.015025011196005189,0.2982051874831259,59.32288722876948,0.6284755864278941,1.1988387402244784e-05,0.0012495341170569718,-0.5574913363403499,59.249020680105744,0.3968103785410358,0.001256814326332909,-0.011504873592356163,-0.6220640939410991,23.80603681230562,0.6061284632893877,0.0012852948882408257,-0.002683055432376902,-2.842244732467994,55.30026603978111,0.41372487465387875,0.0016391361721343907,0.009369489244468399,1.8434271803176832,25.919472075753188,0.49978836992087355,0.0018063476014780059,0.01374929909599193,-0.25930934834943176,37.737407998844816,0.42348314626255334,0.0017640779556260693,0.00839048891268801,-1.9077527979704025,27.16354389065295,0.48425235613071477,0.0033840653852374204,0.0065161471002293525,1.117087251823858,35.67927740512265,5
0.6285100384502961,1.4701921618092266e-05,0.0005499592265820752,-0.08534294278822115,59.25592085123999,0.6284581652671241,0.00016157011056275333,-0.005598598858379544,-0.2805973184026112,59.268023770111824,0.628443509782113,1.584060301400209e-05,4.8014720974931535e-05,0.05882495764369065,59.24354699793824,0.3966175397398494,0.0010321978020117774,0.00280523440183722,0.8107009008032875,23.74961839689341,0.6057982892410481,0.0008518059948657448,0.011274523184339302,0.11612887726643177,55.17565418034208,0.4140393097214984,0.0007932311197296326,0.0008075270765677822,0.3426905990674399,25.832473936037943,0.49877091381013305,0.0010730716958299502,0.016024004768354472,0.39877693450232066,37.47575135212796,0.4235791145821359,0.0006349875881870127,-0.005481032858931478,-0.36291042747443614,27.007503097167806,0.48383098136292213,0.0015463349975241181,0.0056632438324731305,1.4962651815691106,35.34426669362233,5
0.628578908804254,1.546170291295454e-05,0.006657927432432431,-0.08566667699300815,59.269020482766024,0.628139934030897,0.00029285907601302755,0.012067023539458877,-0.5013210460094976,59.227602510976865,0.6284922897984804,1.4506756559034069e-05,0.005027790726219283,0.06588126674806957,59.25254525714787,0.3970520227434266,0.002201440167578501,0.2354148826944083,-0.18231136052851638,23.975560899666185,0.6057804527917617,0.0013852079184301026,0.16234159679235094,0.06777519703726127,55.2518895275349,0.4141039273631438,0.0011554510718075697,0.00576682569303405,0.3664762394262691,25.894471608336307,0.49754787595730704,0.002348113297424345,-0.18179198858065504,-0.7382641081666671,37.482952211760406,0.42346632645630744,0.0010349670111291494,0.16875113184645862,-0.07624522934502298,27.05276953101824,0.4813486143282425,0.003595265887502014,-0.43258843481442366,-2.490014506166606,35.29016789459567,5
0.6285237038602283,1.6109487764044654e-05,0.007823432021665244,0.40371961396920336,59.25870726080383,0.6284695890120331,0.00036703345940607417,0.029868731488619682,-0.22131889531202997,59.30079163239458,0.6284642103618882,1.2503322701113539e-05,0.0068427885763509,0.31180032379792516,59.24695255095119,0.3962503181693437,0.0038475764766435915,-0.013640428575500713,-0.9901222158456384,24.125436092415814,0.6055374483251456,0.0043605938761774885,-0.022500301191959338,-1.9177939122867118,55.651068686169694,0.4142538694812243,0.00252147705554886,0.00705033068800659,1.9699130324961547,26.116640338301856,0.4991040825605908,0.0047784876125152075,-0.05591015138207117,-0.0014258094169654937,38.07772743856214,0.42389763713934986,0.00214970176970439,-0.002372950571994825,-1.7585404473673723,27.27368657953454,0.48464004991126747,0.006509877130844477,-0.009131662816276809,0.7726901212970176,36.20136838919521,5
0.6284485015979929,9.381169836327128e-06,0.008116042685752833,1.6013458057364278,59.24352566841999,0.6289161559061809,0.0002564835068342223,-0.015435622231563584,0.20780693708017922,59.36854571648945,0.6284118927187552,7.867052770397589e-06,0.005359417143263601,1.4878534775889376,59.236398227418036,0.39610039022808013,0.004307712994534133,-0.2611754966938411,-0.7184102126094392,24.176177107011192,0.6060038205365103,0.006724307393024366,-0.34971725401502507,-1.3160946637673385,56.08801637728765,0.41375173472309934,0.004802499722425875,0.09868420972255065,1.2068249411566898,26.39414715659755,0.5016107790389962,0.006505309426380706,0.006761656221320633,0.41985122361250193,38.711297151747026,0.42408602070614276,0.0038650856594529786,-0.10746787865839791,-0.8734862645971163,27.553240707014137,0.48728626507795086,0.009473684147713303,0.03212765773314541,1.5763413198234828,37.02876455805213,5
0.6284936038311019,7.5075626081778894e-06,-0.003772947590095166,0.9722397205648743,59.25175013531951,0.6282878902209941,0.00020967635151747298,-0.0012219381602125434,-0.2363759437528619,59.243092726128275,0.6284270499198114,7.03775962265535e-06,-0.004159353433798696,0.7739611705918887,59.23913218682135,0.396942007378074,0.003434878437974578,0.01349257777668228,0.010825182925918483,24.14624047045845,0.6063847786768987,0.004708969296794379,-0.041518193295773664,-0.445718903536522,55.857011396877084,0.41331508949884604,0.003564630937376906,-0.0594556984297131,0.7263854919448033,26.155534490785023,0.49951448469049353,0.004086452712273176,-0.03834109074408826,0.6605671321255928,38.03608951647009,0.4238898795746082,0.0039143151243290885,0.1425650994185068,0.05226111893794447,27.535627454391417,0.48318243087666946,0.0077619472884993615,-0.06089820176743482,0.8222628576894551,36.17631937216953,5
0.628532801400956,9.653114192914453e-06,0.0016093707675145508,0.40056646438971166,59.25946067955479,0.6285706590760431,0.00027635178139922683,0.005000315242192577,0.46428349345990233,59.306337433122174,0.6284714439685442,8.775700804454149e-06,0.001279209255680147,0.30347281726508724,59.247760962005906,0.396484891520156,0.0016304402148509705,0.02168720302491578,0.15786535121607326,23.82297597257528,0.60580582276528,0.0018842863266369796,0.015641075187301623,0.39157059957053286,55.330862897116596,0.4142398025488944,0.0009662468973602233,-0.07282262866400341,-0.25726613095964573,25.88316289006873,0.4988510559335708,0.0012584475834643157,-0.019780692069269634,0.21977344102235183,37.51536509084196,0.42348849087386536,0.0018065102063397123,0.039608920069276354,0.5907158808517886,27.1705453061382,0.48443691841478653,0.0030555064908154776,-0.022489763172687915,0.45431000355487,35.657139655613676,5
0.6285164467898314,5.781277170861613e-06,-0.0007624543501171255,-0.13610611130367592,59.2557999930957,0.6286988588967245,0.00034676960305470706,-0.044271830991359895,0.7254434693883329,59.34100694756167,0.6284603472013077,5.840380324768444e-06,-0.0005077570652192165,-0.20469444891813862,59.24523141732664,0.3964313422984409,0.0020445835019664476,-0.01398459279156039,-0.6044662899173994,23.878314315274537,0.6055403799423891,0.0025465115728300017,-0.0423579008957623,-1.4917899101066427,55.38130298546762,0.4147595853470253,0.0031258603253516964,0.022929466919579367,1.4811510287598557,26.26958023406286,0.4993476826242786,0.002486071031602163,0.008371454783990762,0.46056525528648035,37.77264080504432,0.42325483128630126,0.0022608890618270134,-0.03366301207185829,-1.8971327281292711,27.208570301291523,0.48529679329844244,0.006402284254948638,0.08781296534384558,0.8273656030182722,36.280886991850025,5
0.6284870534360079,5.760921595037138e-06,-0.0009137849143867616,0.005568245091979975,59.25025482781895,0.6281739599426176,0.0003417888047357694,-0.01575357105672004,0.3135354866860844,59.24130512440405,0.6284228317671083,5.884775684444676e-06,-0.001702589947459754,0.07581114403648793,59.2381651545057,0.39666598298310485,0.004570015802401471,0.012311096716809411,-0.25975088188738665,24.282517662950745,0.6059612668090155,0.004739082418915,0.03386755016131876,-1.4007637955988494,55.78448181133636,0.41387750377681404,0.006465127752690101,-0.031383331883906296,1.2619136436791727,26.657492255029833,0.4990691752782624,0.005773601191041404,-0.005571820423612428,0.31158406030185315,38.22077283440392,0.42364891260733356,0.004066751287619396,-0.0009411171085398351,-1.2809324913224072,27.527706114861715,0.4838327381494493,0.010620353499985045,-0.018306793372846575,0.6816389099256812,36.69655044727681,5
0.6285321113620127,5.096578424024386e-06,0.001324040680716121,-0.7891010699410346,59.25865164216363,0.628522766585594,0.00021798961030738864,-0.013009311832570924,-0.0649527678530202,59.288610669397144,0.6284722279876718,5.161796106556869e-06,0.0010038262462603864,-0.5579227891603272,59.24737031038807,0.396698801440144,0.00294467980355815,0.03877520434138315,-0.15582698590768335,24.04424815033719,0.6061397013316118,0.002588854185043874,0.027632794923871384,-2.0131373616219452,55.49653990312787,0.41364155085029625,0.003669423933457342,-0.027671429042800566,1.7737241306314724,26.211644054560878,0.49950857749042865,0.00531875547793876,0.0934961599472855,0.16652783455508433,38.218817414189594,0.42345554288182746,0.0020363794806185923,0.00040561176971781743,-1.3482821683779929,27.20061006221365,0.4839499645414344,0.005238619525732982,0.0031231477478627645,0.7939963936214834,35.91168953628255,5
0.628511494639855,3.0919936001831314e-06,-0.00020387664748389156,-1.5342217161435787,59.254465541210095,0.6286192286399804,0.00012065917854734188,0.00042970135806819076,-0.15939050377507283,59.29229840999217,0.6284543183410817,3.015312044669343e-06,-0.00030456180940796607,-1.1802670692329136,59.24367381772768,0.39651339007943165,0.0017013266201259712,-0.012557496088206443,0.3402490323280029,23.8369279432413,0.6058210780727497,0.001422852829186034,-0.009344871886690309,-2.1861049750191035,55.26488186713301,0.41413896232487857,0.001410798784672403,0.01191088797483636,1.9857041499031978,25.936871036245265,0.4997582815753293,0.0029034862812486613,0.0007676290338087255,0.5684938063854044,37.896370456374974,0.4237528492669784,0.001102546932417787,-0.008378793693459508,-1.8534530281260717,27.099251082212636,0.4848426249030858,0.0036118607233507007,0.015181670232174815,1.6487961976395773,35.79902288621642,5
0.628590308552119,1.0043366041428981e-05,0.0010391989115206002,-0.7141660200084599,59.270362862387394,0.6284690423744267,0.00029278407521431935,-0.009528289523104583,-0.685797685029154,59.28962541066125,0.6285247890123831,1.0816837120211715e-05,0.0012470866283325055,-0.622720356596395,59.258123269190015,0.39721038600279923,0.004876719702815312,0.0061087085371782646,-0.19923656397486508,24.39304484799339,0.6067181364468517,0.004389706386973344,0.049166520818867854,-1.7863792977912307,55.87010081569011,0.4133272859348647,0.0036958474765840885,-0.0804354629253789,1.7457291230089602,26.176598068753243,0.49841108389195654,0.003703492990189785,0.03743898425900405,0.1420800951276144,37.81386173749152,0.42450099793103285,0.0037200649952480076,0.13420098726699825,-0.8496159783700187,27.58445427095837,0.4828970290835097,0.007518619625082535,-0.00828680054550518,0.9881230025788701,36.0987054287893,5
0.6286076446746012,1.775584882045893e-05,0.0034843939199524776,-0.35284884200416955,59.27478126297668,0.6289836499089978,0.0003649909849384353,0.03727490741772621,-0.23988254253005625,59.397448434682545,0.6285404184307799,2.1185846836827585e-05,0.0026884312609980476,-0.35910789356828254,59.262615331349664,0.39669572596293856,0.0038008125184697665,-0.009158173302185657,-0.4497557853779166,24.171445914841428,0.6060219001817361,0.003438770642585859,-0.003344422253725776,-1.9761805947748083,55.60175835072761,0.4138824228610154,0.0026733995066464617,-0.0008619145781067483,2.0588632419796,26.09313551948597,0.499577390730463,0.0029511143085526955,-0.001273796669611027,-0.6684003696226649,37.87635143133299,0.42350020191602555,0.0031850637686247456,0.056954171336076664,-0.6070048603751621,27.37743765496225,0.4840306090892007,0.005139520969394806,-0.0061174798477769965,0.7368513973494842,35.90863320472921,5
0.6283064780392156,2.4839366109858627e-05,-0.003255419787110636,-0.16029280484420982,59.21905561745689,0.6284409246215397,0.0005242917018858637,0.02077450221027788,-0.0010097415759997546,59.31881882445732,0.6283484612881466,2.5494835310992783e-05,0.007051005169394942,-0.20409760733303015,59.22706705093856,0.39581561736940624,0.0026820096611685934,0.008564312716997147,-0.7225264956255153,23.90011988254275,0.6048732733295978,0.0025208095835122044,0.037729393591690086,-1.548347726525261,55.256352146212706,0.4148240878481944,0.00289849387701784,-0.005790991928565525,1.565980162126172,26.243729166538635,0.5002700933465544,0.0023166681694439255,-0.07777059680054238,0.06408861602440896,37.88570850179269,0.4231997635538098,0.0024150507802142263,-0.037591198991063834,-0.8754618977007445,27.224548547051988,0.4858949670477155,0.004783232384928734,-0.11533361209786441,1.0049606847558092,36.126789475699454,5
0.6284148759376672,3.0342714343885336e-05,-0.0005216038820036184,0.5782469877628218,59.24030950940029,0.6279809304920722,0.0003527419296040427,-0.008620310220556648,-0.25183803699719076,59.20656590676432,0.6283575412596419,1.3813013451676074e-05,-0.00048752273521623923,-0.3360635156142644,59.227038087683695,0.3964203562657643,0.0022865713971598777,0.011481602986911865,-0.7983116784301796,23.91306396745814,0.6057231444899569,0.002311105459768123,0.011906794193613512,-1.799398949085985,55.37943387912564,0.41419556733483764,0.002707691549423756,-0.020615546936235296,1.7579173733114373,26.13714124083834,0.4991467555642888,0.0016142194118573556,0.007309795542880471,0.7093185496760772,37.61264123092012,0.42385192842234587,0.0020140174873314724,-0.05670017862160076,-1.2463323490942015,27.247657189713607,0.4846643061144764,0.004182771953552623,-0.007875081797648453,1.2079784328326288,35.8581564642934,5
0.6286105154035816,1.4726268977213802e-05,-0.015726858885246164,1.9822541718491458,59.27487122547109,0.6284803861402717,9.422790149079924e-07,-0.00018639104450202115,-0.5911235623489921,59.24827976402698,0.6284514137514274,8.27144766005068e-09,-0.00027932073766578913,0.13834054423527622,59.24267814937089,0.3965823507738309,2.1242006236079738e-05,-0.0012459309081700454,0.3296171136801249,23.594799200723855,0.605910091849468,1.7850612697732644e-05,0.001016816165283374,-0.3424107468701158,55.071715652046585,0.4140171461142699,5.1608433968008486e-05,-0.008851079056925615,-0.06025853584375615,25.719219248151933,0.49938842704325376,5.4414590470453576e-05,0.0014531233263407328,1.0086838514065906,37.416427933690386,0.4236082231050286,8.599208990510174e-05,0.013149709700268575,0.06690778365407372,26.92940182372582,0.4845056577534391,0.0001510419632475757,0.008677206618049105,0.12208641788239014,35.23436511178778,5
0.6284701878969788,5.410685602283823e-05,-0.0025877205958879657,-1.4525759409920707,59.254278482836995,0.628383284922485,0.0002828161000275622,0.00550033204873257,0.8222126782789103,59.271972514400034,0.6284389747865674,5.921036933401396e-06,-0.0021391638878628383,-1.1572892341093997,59.24121398912186,0.3965611563553977,7.004146652069999e-05,-0.0017535013631906904,-0.6031594778824648,23.599548788001105,0.605854208798012,7.924156483529408e-05,-0.003647062367663212,-0.4932917001202102,55.07070534090022,0.4140305033589997,0.00011808547155191261,0.0019000451097553883,0.08388431538580632,25.730783392017237,0.4993471914764005,0.0003519029809891775,0.0014238289209663746,0.22555591867522548,37.454576189472725,0.42375822000506586,0.00020506318395921598,-0.002475281631177606,-0.2087207266127098,26.966208767689185,0.4843190484507406,0.00014969651772319718,0.008532791826079522,-0.029137506526693634,35.20704588497538,5
0.6285590255312511,5.793911105263842e-05,0.006754982000265364,-1.33266511038348,59.27160021406623,0.6282433881503807,0.0005005047219744029,0.013332823969616103,0.23319371961998436,59.27803841677467,0.6284965865914773,1.094590477047384e-05,0.006568390508480126,-0.32435648157220576,59.252824843381546,0.396603458245587,0.0008689739421633145,-0.0270330476009919,-1.9159465528211441,23.723622581236192,0.606040453010508,0.0016574540661459807,-0.0006751279135681632,-0.5732788110366358,55.339715258633035,0.41388102950343364,0.0009761051407414231,-0.013850830481899779,2.0783092446938696,25.840065653393786,0.4995119081241004,0.0009345244326440545,0.032794292913647716,0.7013010083729257,37.5660660941309,0.42350891082022707,0.0013160331423937765,-0.006393052758779105,-0.24779980243995942,27.100058569836932,0.48420686122790546,0.0028223308929591524,0.03145163525228495,1.2420389960853389,35.588969972077926,5
0.6285486768235173,5.860078228500769e-06,0.0018877532786759632,0.11721272862976984,59.261889022145205,0.6285802630960298,0.0004164684252080213,-0.004655220649130376,-0.7085518731644764,59.3290258684371,0.6284607912763963,7.230974799195396e-06,0.0020604144813567427,0.13249185676629627,59.24552234100821,0.3965727253308417,0.0015044099945229425,-0.002845065198801483,-1.3128042029807896,23.814646060633603,0.6058482891012053,0.008095993909916758,-0.00040707904831960295,-1.9955718539925231,56.26412550360622,0.4139880298348661,0.006070455348868866,-0.0011759646712214966,1.8313152932376051,26.612411173964553,0.4993826436869214,0.0036107240052417203,0.003472104582642188,-0.9675318436289841,37.945451599141805,0.42365649459462484,0.006387659748645688,0.0015465535400682184,0.5026989354647586,27.87448511437902,0.48432848528310807,0.011060866825071394,0.003533874077889798,-0.12580654167864083,36.83418140543011,5
0.6284640590177124,4.255217105912586e-06,-0.005820584980787524,-0.17804483064859328,59.24569504890158,0.6288602628944521,0.0003448171866083515,-0.01689986445042313,-0.6139578985483944,59.371162297956545,0.6284017037214146,4.58849830862887e-06,-0.006265862119571808,0.17032515309582671,59.23398887224446,0.39654814481232314,0.0008781297340565952,0.003444431997738695,-1.2418062873736402,23.71840600348871,0.605724638507564,0.006705976330117061,0.009838840302345386,-2.5858778059779888,56.0345411274553,0.4141999254336274,0.005209500365668983,-0.007994012161659403,2.12733222151672,26.51045228886805,0.4992076784787336,0.0032362152986873485,-0.005568080300210498,-1.2703486319305786,37.863442017323415,0.42389798454307104,0.005627435741008854,-0.011664159423375509,0.6210120028676485,27.791913120361976,0.4844875322067776,0.008599982590095239,-0.012617296092734376,-0.421675398600882,36.4906227354962,5
0.6285075831545828,4.287635329143079e-06,0.0009243731268578914,0.16471356538362775,59.25390617008625,0.6284907036707491,0.00020088088694117002,0.0004204741516735666,0.2979988442171726,59.280015942237256,0.6284459739565381,4.367612979558189e-06,0.0010015593703204262,0.4452964926512583,59.242302101661195,0.3965648887602299,0.0036557301431832828,-0.007865693931108197,0.17535070314251705,24.134260440946342,0.6058624931116816,0.0030533176168257123,0.002686023303460461,-0.2695071167985751,55.5153484088324,0.4141246434814449,0.0025078411866009775,-0.018714103513730318,2.929395244676561,26.09855138759863,0.4997779115466703,0.0026295580112370128,0.020232970222204938,1.0856943647010993,37.858498274167026,0.42384344682876807,0.0019847331718031006,0.015468576034575354,0.07280549984907274,27.242215355552265,0.4847609279458042,0.005338649519582194,0.016982129720177097,1.8800726829701384,36.04443236784932,5
0.628509811346092,4.749651423004508e-06,0.00013933482644079564,0.2541072408347959,59.25439514180704,0.6283317882185993,0.00013032191477186386,0.010280660294800348,0.11990933013348981,59.239543378198405,0.6284500099122616,4.536397182557481e-06,0.00025452522499946895,-0.0139659007665308,59.243088166988464,0.3965796127070925,0.004088691650557868,0.006334826829648921,0.02358678402980086,24.200523438169242,0.6058917397952022,0.0032701934804163545,0.00988231553709995,-0.205156627889132,55.55297888139059,0.41405430074900956,0.0026660625072299363,-0.006005259152571635,2.6882404514473888,26.113387908889955,0.49939247368334805,0.002882528629665268,0.00034766823328913343,0.9281034679078916,37.838423181556145,0.42366064690796,0.001796793924437249,-0.004324332967576783,0.10708123004443239,27.19097385551182,0.48434071367906434,0.0053255379158225254,0.0005683619207650925,1.9084794911046736,35.98139418852937,5
0.6285148144117294,5.99935865134433e-06,-0.0011629855794373922,0.6864575891423658,59.25552469469066,0.6284603677483225,0.00018238853459312106,-0.001329550687890313,0.2727200939079172,59.271540966207894,0.6284531952226101,6.341333522113888e-06,-0.0008955961559383718,0.9525753376470386,59.243957646521025,0.39657238036563097,0.0021956422614806312,0.005660372364949484,-0.38187130542687886,23.91759862729002,0.6058979956082544,0.0018570338595366113,-0.0013645633986754113,-0.8960139498403685,55.34355520738599,0.4139310465177186,0.0013086415491970654,0.009037031219670644,1.1694418298967304,25.895824281518426,0.4989133071207249,0.0025335185796787,0.004313458664725378,0.41531469316657477,37.71466747169293,0.4235355264890975,0.0033410852982681282,0.004562559992060677,1.1542269136215,27.4051730392015,0.48388535974116914,0.003732140600409413,0.0028186197612541375,0.11094356972317461,35.677845155237094,5
0.6285085246494416,6.095405453467269e-06,0.0019223938926036244,0.6427443282380711,59.25435304896524,0.628055316752841,0.00028892455949402807,-0.01628535022345301,0.27288002944281614,59.21107189459134,0.6284235630278819,7.113317532541622e-06,0.001983947901528005,0.6832403435466008,59.23848606961109,0.39973578371428264,0.0039593614392991845,0.29272473584861397,2.2672921871169454,24.55824937170634,0.6087429372946476,0.0034430589366613714,0.39343869611617566,1.72172808156177,56.09821033747983,0.4116527331506917,0.00228769370261123,-0.32592973608317594,-1.5161953232538237,25.759562268254264,0.4983722314136647,0.0028822414491687346,0.160510324030398,0.12318899445906578,37.685686132561436,0.4241646217168611,0.0043612270874318045,0.2307293280088808,0.8000406098430193,27.637166783458504,0.4822899473231388,0.005691410715152818,0.18378651743498675,-1.0539685326009116,35.738559189901174,5
0.628552715945412,7.602918852961682e-06,-0.00030220782713918926,0.31435839976460217,59.26291034326216,0.6286156968819341,0.00044386006811452603,-0.028543305653121576,0.3549644959165659,59.33978930510301,0.628496722196345,8.654379640453808e-06,-0.0002051985586397631,0.4251403180404533,59.25250897429888,0.3974150914274302,0.00473285883271886,0.1405636052575076,0.5284385821663613,24.396009200216014,0.6067569413376488,0.006375625737601328,0.079616861903957,-1.8592924804584021,56.17306611411546,0.41346796274518055,0.00477514473312008,-0.07841618367281167,2.882496404434692,26.35485999773239,0.4992977523412287,0.003508302590606201,0.07686105066559712,0.10188908271559603,37.91747390995077,0.4222657130066177,0.0037380008445257397,-0.01212736240519205,-0.6155017363893538,27.30321198298242,0.48373843201435857,0.0049107385753912975,0.009958088045668279,0.07035334274205254,35.832130638889836,5
0.6285231076176678,7.179758610749593e-06,0.003553147012500424,0.19215084894407428,59.25726430543856,0.6287956723207416,0.000291342466173328,-0.0532187730168453,0.5862805066608396,59.35100965685384,0.62848295867339,7.874984229889749e-06,0.001751307991761819,0.565958166316939,59.24979777407897,0.39340695015361343,0.005964945463874147,0.2846975511314822,-0.7632038246244924,24.1041311384924,0.6030866043073666,0.009250843391811477,0.008464185252140877,-2.669333684488834,55.935393509628426,0.4162881841980091,0.00804712606151196,0.10549468851414984,2.9008609719419596,27.193399628596616,0.5008859475822787,0.005546355414316193,-0.28171815868090405,0.06817378202023927,38.459416829542704,0.42348940363066223,0.006798283943714736,-0.30073311112297546,-0.688056174002485,27.914435555731593,0.48679737936218714,0.008635983161051792,-0.39825800681108575,0.315650138755083,36.83251477408069,5
0.6284671382242197,4.7390800400436015e-06,-0.0001695006684686584,-0.046374752114518546,59.246347697087046,0.628377398798871,0.00017635684010454354,0.01867305361894156,0.8287856630141409,59.25500046736088,0.6284014411278872,5.441966529739801e-06,0.0016501507768972301,-0.1299106028560819,59.23406653475376,0.39574447716037414,0.0039743725401571554,0.04967150373643758,0.06598077898980091,24.084235188924104,0.6050232466328127,0.005102787575360334,0.06961272525011347,-2.9020165724105955,55.66828469364505,0.41463208912428307,0.004782603845286724,0.022251924983941074,2.9433809094850547,26.500573372682837,0.49947768595053804,0.003463564373282622,-0.08656877096730214,-0.18198848954537403,37.93776490599478,0.42513184750122474,0.0045506033701447875,-0.08429989925044895,-0.7820020963094386,27.788603066122263,0.484969550327814,0.006151094461148855,-0.04448767298059586,-0.4462587816283247,36.1958327864855,5
0.6285045233946608,4.62775226772568e-06,0.0008451357928107583,0.1348005628195063,59.25337992422036,0.628711374574785,0.0003566490193045105,-0.03014680137602177,-0.09027594561531595,59.34483958183374,0.628443987709113,5.656149431892919e-06,0.00045524017125031513,-0.26414962585450935,59.24211961942513,0.3965430560612666,0.0011011817834121695,0.010037305312516898,-1.5399170397554607,23.751035382289736,0.6057703102533756,0.001410015110188452,0.008279050232366192,-2.798775972452494,55.2537425690887,0.41412194893952203,0.0011467254242549987,-0.009781006490335309,1.9188590108904022,25.89541037723421,0.498802765109791,0.0010876092349050553,0.00823018479882881,-0.21267824816929642,37.482683548176844,0.42343608330802024,0.001613271814403686,-0.0063773483581408,-0.07198423767147652,27.135094997431636,0.4839163065828341,0.0024192129643537865,-0.008586603587521002,1.1999157209672138,35.486711498204436,5
0.6284557129259892,6.3295347527971325e-06,-0.009096401762876627,-0.1433281266578081,59.244430567075185,0.6278279646093973,0.0003855422406030396,-0.05480273536994684,-0.732483940203387,59.18263876568666,0.6283936415908435,6.407018220324353e-06,-0.004444015663633616,-0.6946538820327399,59.23273996448508,0.39846719178655177,0.0016583380141629166,0.062278551292799245,0.9664697595167455,24.063507803649372,0.6077630181063188,0.0019504973463117976,0.176620893830141,-1.3354338003724915,55.697007031255716,0.41174754254536433,0.001722481537115355,-0.24735684943376127,-0.7608735051060359,25.687055567852177,0.49890309432172975,0.0011660797605297945,0.11167253600244426,0.043108048751073234,37.50939051288846,0.42502390451604155,0.0020496569735752234,0.1784195862132925,0.4823731054434317,27.402196800571886,0.48359298737329226,0.003266888465862873,0.22151604203683173,0.6436123604227006,35.56609299690734,5
0.6284880450968175,1.565517697566302e-05,-4.49860399939217e-05,0.7392120969080188,59.251916045812294,0.6281320020600517,0.00031912942571960326,0.002917325784051794,0.12210962290412794,59.23002208622755,0.628428703072533,1.36950348656702e-05,0.00012222055521038389,0.6504445831920083,59.24043578700885,0.3965295477232614,0.0022450097909891492,0.010057112192089768,-0.755535344373351,23.919858791499518,0.6058421746696143,0.0021772461582033283,0.006362804261925814,-2.290632512425246,55.381120768833426,0.41406120484808134,0.002521497589734775,-0.003288194098315045,1.897988491002228,26.092705344907206,0.4992899919782739,0.00149588666151684,0.002950687450874123,0.22193929611163782,37.61646152601571,0.42372229311523724,0.001919124684549952,-0.017859323830518192,-0.29467648189634854,27.217036830423197,0.4843065975253634,0.0028293140784258633,-0.004846689904501711,1.3391369988455448,35.6044998586746,5
0.6285720504928518,1.4002906877223178e-05,-0.0037232640454125665,0.9044980301008279,59.267509832242936,0.6290959304659409,0.0002095264901202138,-0.06751911591947135,1.3821548303900903,59.395472906349106,0.628511575036339,1.2592746858249647e-05,-0.007121865221190071,0.9461420781638946,59.255896312480814,0.39460898789717164,0.0025222410251600413,0.2692810716539073,-1.4825352917035677,23.733251912133376,0.6039344849760135,0.002466899699822737,0.10593179281093895,-2.793467962319785,55.07809737675997,0.4163048467317521,0.002794478706310048,-0.11567221564645386,3.0048794001344206,26.41283613909235,0.49979007384327817,0.001776691499322932,-0.16691902032632705,0.38275068094954506,37.733244720239526,0.4223094006089749,0.0019531429681803655,-0.10885825152382908,-1.0567279078711305,27.04280277866564,0.48509643691429954,0.003612346693655783,-0.3357537181053305,2.0151028299734266,35.83602262339706,5
0.6285325523543429,7.812314608234891e-06,-0.001326928766307467,-0.3493451858131562,59.25913944023637,0.6286895939677002,0.00014145467774598586,-0.01479542289788982,-0.22063063475173114,59.30866758147492,0.6284720005325164,8.065926006815091e-06,-0.0010136361117680792,-0.6274166515786559,59.247760140976496,0.39660286501229824,0.001372939350162089,-0.006163998955356048,0.09064865243948639,23.798642843568636,0.6059088270450784,0.0011733937199750802,-0.0031898945960182057,-1.8839504407133945,55.243661667947705,0.413973533983817,0.001264699321810004,0.005745900800145365,2.046645286909455,25.89455322480726,0.49940928925120487,0.0011243354088680995,-0.0023033239001707395,0.168548177250317,37.578971704480395,0.42364575700448787,0.0008515449734306511,0.018586643995915142,-0.7138820188931246,27.048239315227008,0.4843664393522524,0.002005694952423797,-0.00010716504060309662,2.4103918267631124,35.49047568352803,5
0.6284936180892384,1.0370020130926969e-05,-0.0018259279978005694,-0.3401576411064297,59.25217932983473,0.6284871904986744,9.703929627230079e-05,-0.000705292590180373,-0.38799127451212817,59.26388114828213,0.6284300017528553,9.805150075025578e-06,-0.0027906079080275425,-0.6857972956012677,59.24010103282524,0.39684550154048365,0.0021187237302098404,0.006696772760172165,0.8658488171840274,23.938642649738963,0.6059191111947693,0.0025406216395557056,-0.01182334277700725,-2.2484794762416964,55.44924802095265,0.4140813516124914,0.0019282455065387785,0.006840335536888897,2.3487301292497023,26.006813443458437,0.49976460519284993,0.0010471814229671222,-0.06099085657482939,1.2305622734992965,37.62072912255688,0.42383384655050915,0.0022537598998917576,0.009857604905097683,0.17846326021323156,27.28107964735395,0.4849212235717035,0.0034354960738001605,0.03185612544687505,0.4430057780111313,35.78417787553793,5
0.6284804249460162,1.3976684332072117e-05,0.003712477483321708,-0.3168038163193983,59.25022920701424,0.6283596314227133,0.00029837779723641475,0.007733305311719119,0.07451453124438913,59.269832252041454,0.6284232666741846,1.2938289637621259e-05,0.004897287876127865,-0.4383928302860322,59.239298119773984,0.39632876633383723,0.0036269323500555378,-0.016658524420321702,0.5968172078065241,24.101886573713482,0.6056574757771096,0.004055006760666923,-0.02621347128335505,-1.5673042573350373,55.62734270204439,0.41432955586512293,0.0034489781727702526,0.029019242826012037,1.6853170899994658,26.26424487725128,0.49984823314494653,0.0017912639693426088,0.0035298566093608374,1.0071808381937133,37.74413675815077,0.42372272342261835,0.004416690509051745,-0.025242364059327088,0.1542440296524506,27.589228837550824,0.48518791482950435,0.0055382882282207545,0.029675332289097828,0.40428205605626716,36.136301850495244,5
0.6285298787320746,1.492410902931823e-05,0.008836544339889674,-0.6968826881146246,59.25969496108881,0.6283545668158798,0.0002986874718313712,-0.00983012685312279,0.08861567628461779,59.26892367905867,0.6284773026942189,1.5140715458359645e-05,0.010299881495864693,-0.7629298439952663,59.24981396687339,0.39594319966083447,0.002745279971766756,0.010185908349679751,-0.24113245257362112,23.92469931944217,0.6055094134874268,0.001988913777534477,5.062631225516423e-05,-1.3803932528048868,55.29259562613577,0.4142596712558081,0.0019041455597902572,0.018291512339907556,1.7215272787874587,26.025378972754275,0.49900972159669466,0.0017292734342643052,0.05144586054105221,0.3530691302561055,37.60926707890697,0.4245256119985934,0.0026360981763700227,0.05230902533416143,0.173047840913548,27.426077914696172,0.4842465794801174,0.0025314152903826584,0.06095467277663441,0.6837737921599754,35.55139333899608,5
0.6285463927488466,1.4213361776053973e-05,-0.0004289874804191962,-1.7658285835720107,59.262702966542726,0.6286515565492082,0.0001456874506057989,-0.01754138938564831,-0.13902266666057495,59.302124362901615,0.6284785276952243,1.3821273072458497e-05,-0.0004386561149420931,-1.6278875845332805,59.24984833578132,0.39671428562987127,0.002601278282678913,0.013763042058742958,-0.4623019100223714,23.994924127542028,0.6059972460147346,0.002344481514228884,0.0077491325926905,-1.7097754103657539,55.43422707223651,0.413815011459283,0.002381526042639279,-0.021897542957456606,2.1286364151409494,26.04127693671024,0.4988166965368929,0.001719889008839685,0.006963969622217514,0.06363411748675891,37.57897797391393,0.42360671635245867,0.002658838954234218,0.015863623340992228,-0.37954418262194406,27.31256452501776,0.4834086594579935,0.00314769259349487,-0.005060555061486394,-0.2928800073076332,35.521596002276894,5
0.6285047498405965,1.2071581634031808e-05,-0.0043722709985207775,-1.4101675901622555,59.25453175149208,0.6286025510680496,0.00017974018910803157,-0.007322530508880765,0.007652049109515597,59.297956369566094,0.6284372670653661,1.0743728351569073e-05,-0.00484532564699236,-1.2561205248058995,59.241610611012305,0.39696903876886114,0.0026234151737635296,0.030469740768010817,-0.5685845930244364,24.0285515220518,0.6062279614256922,0.002367577380451116,0.03518054085270472,-1.7087088571396474,55.479620211839816,0.41367139271846554,0.002342908890487773,-0.03297058410626763,2.212023236924824,26.017696597727923,0.4992343494109042,0.0013529097893029047,0.04714130802896532,0.3795794927318041,37.58682390336546,0.42249473287697403,0.0033699369919387525,0.032235666320300393,-0.19517035072028374,27.277390508116714,0.4837058323013346,0.003114408242373413,0.019898280288650927,-0.41018640077411817,35.55974665846266,5
0.6285099654443552,1.1740839597215056e-05,-0.0011046979508034793,-1.2405142155428783,48.98451642946564,0.6284490100863238,0.00031941824450513437,-0.001311495058076928,0.3251286187009115,49.01286007060569,0.6284501091084685,9.166843758920656e-06,-0.001715730498238477,-0.8606350731374854,48.974870436949665,0.3966400617413287,0.003549903408126455,-0.005097033742975321,-0.4615531600829386,19.944732102892022,0.6059078488959587,0.002381070690107841,-0.0012857841530385938,-0.89136447745227,45.816287542745535,0.41400892859152055,0.0021392468821135025,-0.004096180327128773,0.5101925468091221,21.51714809273381,0.4993650751476018,0.0016194691999798848,0.004295129014961652,0.9089672857054885,31.120514017966602,0.42372368008608624,0.004045088608871648,-0.0005323736449986405,-0.20016109163014523,22.76072377503751,0.4842722454258835,0.004186812474694493,-0.00033602544107638743,0.47331713580842555,29.59540928792599,5
0.6285251497721986,1.8573658869752898e-05,0.0016854256869464068,-2.0064838157829636,19.35804086653782,0.6285088444809402,0.0006468400429609903,-0.006342843582348157,0.22118027219945768,19.3871933340097,0.6284619959043388,1.289803293350771e-05,0.001685294846053953,-2.059346037954395,19.353878640088,0.3964145563295515,0.005793498270519532,-0.0016732862108849722,0.12328296433442218,7.978168440012741,0.6056858123072864,0.004954148150677081,-0.007013595200233702,-0.7066965991187883,18.21370896951903,0.414355002914959,0.004682754010270363,-0.004946559262971328,0.3694194823831229,8.637585546085111,0.49935924902822054,0.0028653060836505797,-0.013583003110366643,0.8555248871631257,12.356158011926617,0.42428800086810725,0.006972132838700336,-0.009457001290223338,-0.2960003903386249,9.155657452609713,0.48430896742818136,0.009926996131969784,-0.013825526896132867,0.3847139960161033,11.96969943497076,5
